
{
  "games": [
            {
              "name": "World of WarCraft",
              "image": "http://i67.tinypic.com/11ty5ux.jpg",
              "rating": 5,
              "url": "http://www.worldofwarcraft.com",
              "description": "Lorem ipsum dolor sit amet, consectetur adipiscing elit. Suspendisse luctus velit non purus hendrerit volutpat.",
              "player_count": "5 million",
              "servers": "226 US"

            },
            {
              "name": "Elder Scrolls Online",
              "image": "http://i63.tinypic.com/e7dkrn.jpg",
              "rating": 4.5,
              "url": "http://www.elderscrollsonline.com",
              "description": "Lorem ipsum dolor sit amet, consectetur adipiscing elit. Suspendisse luctus velit non purus hendrerit volutpat.",
              "player_count": "2.5 million",
              "servers": "NA and EU"
            },
            {
              "name": "Runescape",
              "image": "http://i67.tinypic.com/11ty5ux.jpg",
              "rating": 3,
              "url": "http://www.runescape.com",
              "description": "Lorem ipsum dolor sit amet, consectetur adipiscing elit. Suspendisse luctus velit non purus hendrerit volutpat.",
              "player_count": "85,000",
              "servers": "143 RS3"
            }
          ]
}